,precision,recall,f1-score,support
0.0,0.5,0.3125,0.38461538461538464,16.0
1.0,0.35294117647058826,0.5454545454545454,0.42857142857142855,11.0
accuracy,0.4074074074074074,0.4074074074074074,0.4074074074074074,0.4074074074074074
macro avg,0.42647058823529416,0.4289772727272727,0.4065934065934066,27.0
weighted avg,0.44008714596949894,0.4074074074074074,0.4025234025234025,27.0
