,precision,recall,f1-score,support,run_id
0.0,1.0,0.125,0.2222222222222222,16.0,8
1.0,0.44,1.0,0.6111111111111112,11.0,8
accuracy,0.48148148148148145,0.48148148148148145,0.48148148148148145,0.48148148148148145,8
macro avg,0.72,0.5625,0.4166666666666667,27.0,8
weighted avg,0.7718518518518519,0.48148148148148145,0.3806584362139918,27.0,8
