,precision,recall,f1-score,support,run_id
0.0,0.6428571428571429,0.5625,0.6,16.0,3
1.0,0.46153846153846156,0.5454545454545454,0.5,11.0,3
accuracy,0.5555555555555556,0.5555555555555556,0.5555555555555556,0.5555555555555556,3
macro avg,0.5521978021978022,0.5539772727272727,0.55,27.0,3
weighted avg,0.5689865689865691,0.5555555555555556,0.5592592592592592,27.0,3
